SeqID,LogMean
ANNNNNNNN,0.10496521
CNNNNNNNN,0.1498703
GNNNNNNNN,-0.413996887
UNNNNNNNN,0.159161377
NANNNNNNN,0.10075531
NCNNNNNNN,0.331005859
NGNNNNNNN,-0.774278259
NUNNNNNNN,0.34251709
NNANNNNNN,0.074508667
NNCNNNNNN,0.445123291
NNGNNNNNN,-0.923904419
NNUNNNNNN,0.404272461
NNNANNNNN,0.10539093
NNNCNNNNN,0.496992493
NNNGNNNNN,-1.051795959
NNNUNNNNN,0.449412537
NNNNANNNN,0.122149658
NNNNCNNNN,0.504640198
NNNNGNNNN,-1.07591095
NNNNUNNNN,0.449121094
NNNNNANNN,0.110858154
NNNNNCNNN,0.491549683
NNNNNGNNN,-1.040324402
NNNNNUNNN,0.437916565
NNNNNNANN,0.095770264
NNNNNNCNN,0.445524597
NNNNNNGNN,-0.926678467
NNNNNNUNN,0.385383606
NNNNNNNAN,0.111706543
NNNNNNNCN,0.312623596
NNNNNNNGN,-0.670828247
NNNNNNNUN,0.246498108
NNNNNNNNA,0.050415039
NNNNNNNNC,0.13250885
NNNNNNNNG,-0.27194519
NNNNNNNNU,0.089021301
