SeqID,LogMean
ANNNNNNNN,0.1189153404546558
CNNNNNNNN,-0.10480562883011368
GNNNNNNNN,0.08142120536358965
UNNNNNNNN,-0.09455501615500916
NANNNNNNN,0.028802745038208566
NCNNNNNNN,-0.05631310461064609
NGNNNNNNN,0.07263175382728093
NUNNNNNNN,-0.044932402933546056
NNANNNNNN,0.07375977410027745
NNCNNNNNN,-0.09798194606880428
NNGNNNNNN,0.056143074239835
NNUNNNNNN,-0.031712398464661784
NNNANNNNN,0.04938185905091175
NNNCNNNNN,-0.10690586653465584
NNNGNNNNN,0.08084920478118429
NNNUNNNNN,-0.021976956722955965
NNNNANNNN,0.014150574012445682
NNNNCNNNN,-0.11606882310025657
NNNNGNNNN,0.14825666344147004
NNNNUNNNN,-0.04453760457341083
NNNNNANNN,0.02883406549747025
NNNNNCNNN,-0.12234569813236063
NNNNNGNNN,0.14843705543281516
NNNNNUNNN,-0.05367681081929376
NNNNNNANN,0.021493129150964796
NNNNNNCNN,-0.11197602798021944
NNNNNNGNN,0.10679648574259204
NNNNNNUNN,-0.014354652222092423
NNNNNNNAN,0.012689454734496564
NNNNNNNCN,-0.08487562165295581
NNNNNNNGN,0.09405015390019611
NNNNNNNUN,-0.02206981986512324
NNNNNNNNA,-0.003037366998903779
NNNNNNNNC,-0.048444010360382594
NNNNNNNNG,0.05003843010514197
NNNNNNNNU,0.00169062661895647
