SeqID,LogMean
ANNNNNNNN,0.034877092123213105
CNNNNNNNN,-0.11098285404402575
GNNNNNNNN,0.1060852897046971
UNNNNNNNN,-0.028989210553267086
NANNNNNNN,0.05941141164084629
NCNNNNNNN,-0.1295382052102091
NGNNNNNNN,0.1347101159626386
NUNNNNNNN,-0.06344273325974603
NNANNNNNN,0.03400232710524442
NNCNNNNNN,-0.12169661318855673
NNGNNNNNN,0.1296167943079244
NNUNNNNNN,-0.03989419694163221
NNNANNNNN,0.006225130622356856
NNNCNNNNN,-0.10334993957827687
NNNGNNNNN,0.12767386556785487
NNNUNNNNN,-0.025451530891226648
NNNNANNNN,0.03167939420658372
NNNNCNNNN,-0.08358116748840005
NNNNGNNNN,0.07343184006516801
NNNNUNNNN,-0.021582216571650492
NNNNNANNN,0.03502705152686214
NNNNNCNNN,-0.08091758551960182
NNNNNGNNN,0.032104195104773026
NNNNNUNNN,0.014482454928443467
NNNNNNANN,0.038205405103224344
NNNNNNCNN,-0.07389282209232739
NNNNNNGNN,0.02402746317510085
NNNNNNUNN,0.010913282187758222
NNNNNNNAN,0.03783469848353038
NNNNNNNCN,-0.04307174510502365
NNNNNNNGN,-0.011015252592884273
NNNNNNNUN,0.016012778766740787
NNNNNNNNA,0.029406219094281316
NNNNNNNNC,-0.009907629039388688
NNNNNNNNG,-0.029969487890175728
NNNNNNNNU,0.010435770363359409
