SeqID,LogMean
ANNNNNNNN,0.03270539231600056
CNNNNNNNN,-0.10519384249470143
GNNNNNNNN,0.12340116636733023
UNNNNNNNN,-0.03949167533668985
NANNNNNNN,0.06339512318523322
NCNNNNNNN,-0.18341892798921977
NGNNNNNNN,0.18470261508093655
NUNNNNNNN,-0.050918870194377464
NNANNNNNN,0.08341661342203643
NNCNNNNNN,-0.19545605922264597
NNGNNNNNN,0.24988786501563176
NNUNNNNNN,-0.12074877686954855
NNNANNNNN,0.0682160581281046
NNNCNNNNN,-0.2498177997997657
NNNGNNNNN,0.3023395083809417
NNNUNNNNN,-0.09052406613418706
NNNNANNNN,0.049180381275777174
NNNNCNNNN,-0.2549015372368133
NNNNGNNNN,0.3064215201634093
NNNNUNNNN,-0.10430815676307947
NNNNNANNN,0.051408509937409974
NNNNNCNNN,-0.23520321382016318
NNNNNGNNN,0.2447476081991249
NNNNNUNNN,-0.04402509181734038
NNNNNNANN,0.03507681483723246
NNNNNNCNN,-0.22482598499644935
NNNNNNGNN,0.2085852875790135
NNNNNNUNN,-0.013043479806031266
NNNNNNNAN,0.026385156228990736
NNNNNNNCN,-0.1896346848324033
NNNNNNNGN,0.18188195624186299
NNNNNNNUN,-0.013788484525606881
NNNNNNNNA,-0.0038991907803729298
NNNNNNNNC,-0.12685132041991198
NNNNNNNNG,0.16107860613322722
NNNNNNNNU,-0.032491989789920295
