SeqID,LogMean
ANNNNNNNN,0.06720324905243236
CNNNNNNNN,-0.1062502223582934
GNNNNNNNN,0.05712566259343943
UNNNNNNNN,-0.022273280530137995
NANNNNNNN,0.03503279456521391
NCNNNNNNN,-0.0562998969494235
NGNNNNNNN,0.0357540495599048
NUNNNNNNN,-0.017000875183096564
NNANNNNNN,0.046321605280963074
NNCNNNNNN,-0.0865283720012231
NNGNNNNNN,0.07515718436523233
NNUNNNNNN,-0.0382461364711425
NNNANNNNN,0.02916617246388331
NNNCNNNNN,-0.09041899683443011
NNNGNNNNN,0.08212804553900577
NNNUNNNNN,-0.022796052985012194
NNNNANNNN,0.017748973374424493
NNNNCNNNN,-0.0844834959562144
NNNNGNNNN,0.09618096347900429
NNNNUNNNN,-0.027220104634410935
NNNNNANNN,0.03907985437980488
NNNNNCNNN,-0.07922167872777963
NNNNNGNNN,0.07046825456257755
NNNNNUNNN,-0.02728743066869288
NNNNNNANN,0.028287498329736205
NNNNNNCNN,-0.07394928313553095
NNNNNNGNN,0.046301850044923376
NNNNNNUNN,0.001711497567860154
NNNNNNNAN,0.02356558977492207
NNNNNNNCN,-0.06196912480502126
NNNNNNNGN,0.04030899644285302
NNNNNNNUN,-0.0010633662498193974
NNNNNNNNA,0.027503251104517124
NNNNNNNNC,-0.05387981917190188
NNNNNNNNG,0.020901772984416422
NNNNNNNNU,0.006843364595324197
